person_age,person_income,person_home_ownership,person_emp_length,loan_intent,loan_amnt,loan_int_rate,cb_person_cred_hist_length,loan_percent_income,loan_status
58,48024,OWN,11,DEBTCONSOLIDATION,32552,16.21,17,0.6778277527902715,1
48,78656,RENT,37,MEDICAL,2014,8.28,11,0.025605166802278274,0
34,136148,RENT,17,VENTURE,11103,5.9,28,0.08155095925022769,0
62,47285,OTHER,34,HOMEIMPROVEMENT,17986,6.96,11,0.38037432589616155,0
27,112436,MORTGAGE,29,PERSONAL,31471,14.09,15,0.279901455049984,0
40,136421,OWN,23,VENTURE,34458,17.74,26,0.25258574559635244,0
58,21605,OTHER,29,PERSONAL,26069,5.67,21,1.2066188382318908,1
38,91158,RENT,13,DEBTCONSOLIDATION,17873,16.01,11,0.19606617082428313,1
42,92303,OWN,5,EDUCATION,24248,10.12,11,0.2627000205843797,0
30,47139,MORTGAGE,2,VENTURE,24624,12.18,27,0.5223700120918985,1
30,97149,RENT,15,DEBTCONSOLIDATION,30061,18.93,26,0.30943190357080363,1
43,76138,RENT,6,PERSONAL,25170,9.98,12,0.33058393968846045,1
55,138205,RENT,13,MEDICAL,9024,11.98,24,0.06529430917839442,0
59,96125,OTHER,8,MEDICAL,17678,5.21,3,0.18390637191157347,0
43,33918,MORTGAGE,14,EDUCATION,21411,6.22,26,0.6312577392534937,0
22,105655,OWN,20,VENTURE,20296,8.88,21,0.1920969192182102,0
41,47446,OTHER,34,VENTURE,27293,5.42,9,0.5752434346414872,0
21,144040,OTHER,1,VENTURE,28172,14.47,24,0.19558455984448764,0
43,33046,OTHER,26,DEBTCONSOLIDATION,22128,11.4,8,0.6696120559220481,1
63,149922,RENT,1,EDUCATION,19257,13.22,9,0.12844679233201264,0
49,44818,MORTGAGE,34,VENTURE,13855,7.62,2,0.30913918514882416,0
57,120894,OTHER,17,DEBTCONSOLIDATION,20642,9.44,22,0.1707446192532301,0
21,135751,OWN,13,MEDICAL,21025,14.96,3,0.1548791537447238,0
40,24324,MORTGAGE,19,PERSONAL,5458,19.48,19,0.22438743627692814,0
52,96323,OWN,17,DEBTCONSOLIDATION,6307,5.76,16,0.06547761178534722,0
31,29111,MORTGAGE,9,MEDICAL,19425,18.36,2,0.6672735392119817,1
41,58110,OWN,24,MEDICAL,29273,13.65,6,0.5037515057649286,1
63,36389,RENT,1,PERSONAL,6668,13.46,3,0.18324218857347,1
44,142177,OTHER,24,MEDICAL,26934,12.5,21,0.18943992347566765,0
68,61427,OWN,32,EDUCATION,8697,6.04,4,0.14158269165025153,0
46,99579,MORTGAGE,35,PERSONAL,25417,6.35,20,0.2552445796804547,0
61,48746,OTHER,30,MEDICAL,17446,14.01,19,0.3578960324949739,0
47,142883,OTHER,13,HOMEIMPROVEMENT,11751,10.11,23,0.0822421141773339,0
35,107886,MORTGAGE,0,DEBTCONSOLIDATION,8352,18.76,19,0.07741504921861965,1
34,127141,OWN,15,MEDICAL,14516,11.1,15,0.11417245420438725,0
66,20117,RENT,2,EDUCATION,24299,7.15,25,1.2078838793060596,1
63,145808,RENT,34,VENTURE,32957,15.72,9,0.22603012180401624,1
22,132221,OWN,5,MEDICAL,29927,9.4,13,0.22634074768758367,0
56,104471,OTHER,24,VENTURE,30493,12.88,22,0.29188004326559525,0
26,132613,OTHER,12,HOMEIMPROVEMENT,27711,15.47,11,0.20896141403934756,0
40,33234,OTHER,33,MEDICAL,9003,18.5,24,0.2708972738761509,1
28,149597,OTHER,7,PERSONAL,32707,16.88,21,0.2186340635173165,0
58,123864,OWN,20,VENTURE,4278,15.15,18,0.03453788025576439,0
37,73441,OTHER,33,HOMEIMPROVEMENT,8296,15.19,12,0.1129614248172002,0
23,20846,MORTGAGE,3,PERSONAL,26398,19.19,3,1.2663340688861173,1
44,30954,OTHER,24,PERSONAL,14261,9.44,27,0.46071590101440846,0
33,99239,RENT,14,PERSONAL,12173,5.02,27,0.12266346899908302,0
69,133689,OTHER,3,PERSONAL,31449,9.08,5,0.2352399973071831,0
28,66514,OWN,11,MEDICAL,2637,8.27,2,0.039645788856481345,0
45,108236,RENT,31,DEBTCONSOLIDATION,32781,14.93,16,0.30286595956982887,1
21,117579,OWN,31,MEDICAL,14652,14.51,14,0.12461408925063149,0
39,148644,OWN,27,MEDICAL,6103,13.9,9,0.04105782944484809,0
47,26469,RENT,12,HOMEIMPROVEMENT,26500,5.24,26,1.0011711813819941,1
66,50105,OWN,30,HOMEIMPROVEMENT,19452,15.93,5,0.3882247280710508,0
26,62101,OWN,13,DEBTCONSOLIDATION,32174,9.85,11,0.5180914961111738,0
63,84323,OTHER,19,HOMEIMPROVEMENT,16954,14.98,20,0.20106020895840993,0
27,111922,MORTGAGE,17,EDUCATION,18186,13.35,19,0.16248816139811653,0
66,78067,OWN,28,DEBTCONSOLIDATION,13356,10.14,6,0.17108381262249095,0
54,69376,OWN,5,HOMEIMPROVEMENT,33963,7.02,20,0.48954970018450183,0
33,65587,OWN,31,DEBTCONSOLIDATION,3187,6.42,27,0.04859194657477854,0
36,56976,OTHER,28,MEDICAL,12707,17.47,24,0.2230237292895254,1
55,124587,MORTGAGE,1,MEDICAL,27935,18.78,28,0.2242208256078082,0
69,147534,RENT,22,DEBTCONSOLIDATION,22225,14.75,23,0.15064324155787817,1
59,87584,OTHER,18,EDUCATION,4606,6.55,17,0.05258951406649617,0
23,124537,OTHER,30,EDUCATION,33828,11.03,2,0.2716301179569124,0
21,98477,MORTGAGE,4,DEBTCONSOLIDATION,27489,15.93,13,0.2791413223392264,1
25,130911,MORTGAGE,18,HOMEIMPROVEMENT,15387,16.7,25,0.11753786923940693,0
61,62533,OTHER,33,VENTURE,4927,6.77,3,0.0787903986695025,0
23,21828,RENT,9,EDUCATION,7296,5.0,22,0.3342495876855415,1
48,21917,OTHER,24,PERSONAL,31444,15.68,26,1.4346854040242734,1
37,40618,MORTGAGE,1,MEDICAL,3591,10.35,9,0.08840907971835146,0
45,52254,RENT,10,DEBTCONSOLIDATION,27147,8.82,19,0.5195200367435986,1
63,125292,MORTGAGE,30,PERSONAL,2200,5.19,26,0.017558982217539827,0
53,136714,RENT,14,DEBTCONSOLIDATION,16721,13.1,17,0.12230642070307357,0
29,67362,OWN,8,MEDICAL,20238,17.77,6,0.3004364478489356,0
55,40128,MORTGAGE,22,MEDICAL,12087,19.36,27,0.3012111244019139,1
33,143781,MORTGAGE,18,EDUCATION,31816,13.49,23,0.2212809759286693,0
50,131281,OTHER,8,EDUCATION,24408,12.72,14,0.18592180132692468,0
67,79383,MORTGAGE,34,PERSONAL,1136,6.28,20,0.014310368718743308,0
34,85545,MORTGAGE,20,DEBTCONSOLIDATION,18413,13.23,4,0.2152434391256064,0
27,102180,OWN,8,MEDICAL,19978,10.7,27,0.19551771383832453,0
33,107958,MORTGAGE,27,PERSONAL,1661,14.11,9,0.015385612923544342,0
42,29865,OWN,6,VENTURE,28253,10.83,28,0.946023773648083,1
59,22219,OWN,15,PERSONAL,27884,8.6,27,1.2549619694855754,1
40,59809,OWN,15,HOMEIMPROVEMENT,33854,6.42,27,0.5660352120918256,0
35,136748,OWN,32,PERSONAL,11704,9.72,13,0.08558808903969345,0
64,25287,RENT,3,HOMEIMPROVEMENT,25527,6.45,3,1.0094910428283308,1
37,146593,OTHER,3,HOMEIMPROVEMENT,17322,7.65,12,0.11816389595683287,0
66,54387,RENT,38,HOMEIMPROVEMENT,7968,19.81,13,0.1465055987644106,1
43,28512,MORTGAGE,39,VENTURE,28518,11.66,29,1.0002104377104377,1
45,21342,RENT,16,PERSONAL,28886,12.98,19,1.3534813981819886,1
44,83076,RENT,36,PERSONAL,2700,18.1,14,0.0325003611151235,1
64,128872,MORTGAGE,38,VENTURE,29246,19.93,6,0.2269383574399404,0
60,39216,MORTGAGE,28,MEDICAL,24199,13.74,23,0.6170695634434924,1
48,137512,MORTGAGE,35,EDUCATION,33115,17.19,13,0.2408153470242597,1
34,136682,RENT,37,PERSONAL,6520,9.9,3,0.047701965145373934,0
64,113070,RENT,38,EDUCATION,21929,9.59,6,0.19394180596090918,0
20,99767,MORTGAGE,36,DEBTCONSOLIDATION,15955,11.04,8,0.1599226197039101,0
44,117829,OTHER,34,DEBTCONSOLIDATION,14917,15.09,27,0.12659871508711779,0
26,46614,OTHER,6,VENTURE,5757,15.23,27,0.12350366842579483,0
28,56258,OWN,26,DEBTCONSOLIDATION,14045,9.73,25,0.24965338263002596,0
43,113789,MORTGAGE,27,DEBTCONSOLIDATION,5733,7.0,13,0.050382725922540846,0
20,62078,OWN,21,MEDICAL,31954,14.49,17,0.5147395212474629,1
63,126288,OTHER,13,MEDICAL,32135,6.92,24,0.254458064107437,0
27,103524,OWN,6,MEDICAL,8081,13.68,9,0.0780591940033229,0
43,116573,MORTGAGE,36,DEBTCONSOLIDATION,24501,15.4,29,0.2101773137862112,0
30,32219,MORTGAGE,21,VENTURE,22113,15.51,10,0.686334150656445,1
36,20235,MORTGAGE,4,HOMEIMPROVEMENT,25690,16.3,16,1.269582406721028,1
27,62929,RENT,1,HOMEIMPROVEMENT,30345,18.09,6,0.48221010980628964,1
54,147309,OWN,26,EDUCATION,27829,12.5,14,0.188915816413118,0
54,87444,OTHER,20,HOMEIMPROVEMENT,4630,15.95,6,0.05294817254471433,0
52,28567,OTHER,37,HOMEIMPROVEMENT,32870,14.29,12,1.1506283473938461,1
24,121834,OTHER,14,MEDICAL,4453,7.8,11,0.036549731602015856,0
61,90792,RENT,20,MEDICAL,9328,5.39,21,0.10274032954445325,0
58,85441,RENT,9,DEBTCONSOLIDATION,16534,9.27,14,0.19351365269601245,0
60,104555,MORTGAGE,22,EDUCATION,20744,11.65,10,0.19840275453110803,0
47,93698,OTHER,38,PERSONAL,20389,14.26,22,0.21760336399923158,0
26,144450,RENT,4,EDUCATION,15665,17.75,15,0.10844582900657666,1
28,137248,MORTGAGE,0,EDUCATION,9640,7.94,19,0.07023781767311728,0
27,25415,OTHER,12,VENTURE,26521,6.88,16,1.0435176077119812,1
31,56159,OWN,20,DEBTCONSOLIDATION,31049,19.45,11,0.5528766537865702,1
53,63925,MORTGAGE,25,VENTURE,6618,6.62,25,0.10352757137270238,0
52,146523,RENT,20,EDUCATION,2920,12.18,8,0.019928611890283436,0
67,25951,RENT,17,EDUCATION,5188,13.78,9,0.19991522484682672,0
42,107388,MORTGAGE,36,EDUCATION,13207,13.12,29,0.12298394606473721,0
43,28007,MORTGAGE,31,HOMEIMPROVEMENT,1238,6.29,4,0.04420323490555932,0
56,146730,RENT,35,VENTURE,33972,5.86,16,0.23152729503169087,0
54,61832,OWN,16,EDUCATION,11799,6.58,17,0.1908235218010092,0
63,78596,OTHER,34,MEDICAL,6552,13.78,5,0.08336302101888136,0
59,141101,OWN,10,DEBTCONSOLIDATION,29916,13.17,22,0.21201834147171175,0
41,50523,MORTGAGE,20,DEBTCONSOLIDATION,5927,8.51,7,0.11731290699285474,0
46,108861,OWN,25,MEDICAL,28964,14.57,2,0.2660640633468368,0
54,144194,RENT,3,DEBTCONSOLIDATION,12164,17.3,5,0.08435857247874391,0
20,106740,MORTGAGE,33,HOMEIMPROVEMENT,20071,5.62,12,0.18803635000936855,0
54,35524,OTHER,17,HOMEIMPROVEMENT,7160,12.47,13,0.20155387906767255,0
56,149028,RENT,39,PERSONAL,16810,15.34,27,0.11279759508280324,0
66,39282,RENT,34,PERSONAL,6126,8.78,6,0.155949289751031,0
33,43930,OTHER,28,PERSONAL,31009,9.62,24,0.7058729797404962,0
22,20077,OTHER,28,DEBTCONSOLIDATION,34584,14.2,22,1.7225681127658514,1
20,125881,OWN,37,HOMEIMPROVEMENT,26396,18.47,17,0.20969010414597913,0
24,145501,MORTGAGE,20,HOMEIMPROVEMENT,1192,17.15,14,0.008192383557501324,0
45,40611,OTHER,12,HOMEIMPROVEMENT,13816,13.75,14,0.34020339316933834,0
33,36984,OTHER,16,MEDICAL,33130,15.95,18,0.895792775254164,1
58,34060,MORTGAGE,8,HOMEIMPROVEMENT,31698,10.47,28,0.9306517909571345,1
46,102985,OTHER,0,MEDICAL,11655,14.61,8,0.11317182113900083,1
28,104056,OTHER,1,PERSONAL,31075,11.99,9,0.29863727223802566,1
34,145329,OWN,28,PERSONAL,10359,7.85,14,0.07127964824639267,0
34,63303,RENT,32,DEBTCONSOLIDATION,34272,15.53,24,0.5413961423629212,1
45,79207,RENT,9,PERSONAL,15671,13.35,28,0.19784867499084677,0
61,95046,RENT,39,DEBTCONSOLIDATION,28048,10.38,17,0.29509921511689075,1
32,49287,RENT,20,EDUCATION,11738,18.67,5,0.23815610607259521,0
51,113709,OTHER,27,EDUCATION,26963,5.31,9,0.23712283108636958,0
58,59711,MORTGAGE,10,VENTURE,7773,9.74,17,0.13017701930967493,0
68,31954,MORTGAGE,33,DEBTCONSOLIDATION,30894,5.85,22,0.9668273142642548,1
51,93340,OWN,7,VENTURE,1717,16.5,11,0.018395114634668953,0
23,92101,OWN,21,VENTURE,12676,15.53,26,0.13763151323004094,0
49,91520,OTHER,7,EDUCATION,5434,9.97,13,0.059375,0
56,107062,MORTGAGE,14,DEBTCONSOLIDATION,30100,15.13,13,0.2811455044740431,1
42,122974,MORTGAGE,16,EDUCATION,5994,10.94,27,0.048742010506285884,0
58,38574,RENT,22,VENTURE,5234,16.34,6,0.13568725047959765,1
64,29184,OTHER,23,DEBTCONSOLIDATION,4764,11.81,17,0.16324013157894737,0
34,39096,OTHER,18,VENTURE,24185,11.18,2,0.6186054839369757,1
62,87728,RENT,4,HOMEIMPROVEMENT,12999,19.02,29,0.14817390114900603,0
48,54016,OTHER,31,DEBTCONSOLIDATION,3581,8.76,10,0.06629517180094786,0
55,31246,OTHER,0,DEBTCONSOLIDATION,3763,6.81,13,0.12043141522114831,0
32,65558,OWN,22,VENTURE,28374,13.77,6,0.43280759022544923,0
51,138721,MORTGAGE,36,HOMEIMPROVEMENT,11531,19.54,23,0.08312367990426828,1
26,38381,OTHER,7,MEDICAL,26307,10.67,21,0.6854172637502931,1
41,147796,OWN,12,EDUCATION,31835,5.93,23,0.21539825164415816,0
47,56455,MORTGAGE,7,VENTURE,12064,10.09,29,0.21369232131786378,0
21,112263,RENT,22,DEBTCONSOLIDATION,12312,12.59,25,0.10967104032495123,0
61,24018,OWN,0,EDUCATION,7476,7.43,4,0.3112665500874344,0
64,31302,OWN,23,EDUCATION,25565,14.87,6,0.8167209762954444,1
25,87506,MORTGAGE,34,EDUCATION,3382,19.97,3,0.03864877836948324,0
47,61157,RENT,23,MEDICAL,23463,11.78,15,0.3836519122913158,0
47,74917,OWN,16,PERSONAL,34402,10.32,3,0.45920151634475487,1
63,112738,OTHER,4,VENTURE,27345,11.01,14,0.2425535311962249,0
63,116646,OTHER,19,PERSONAL,27946,6.73,8,0.23957958266892992,0
39,103122,OTHER,20,PERSONAL,15162,18.25,11,0.14702973177401524,0
49,44519,RENT,39,PERSONAL,9397,11.22,14,0.21107841595723176,1
30,116809,OWN,30,EDUCATION,23335,10.81,17,0.19977056562422416,0
47,107487,OTHER,35,HOMEIMPROVEMENT,15394,14.9,27,0.14321731930372975,0
44,76819,RENT,10,EDUCATION,28197,11.63,15,0.3670576289719991,0
58,100910,OTHER,14,EDUCATION,23010,14.72,12,0.22802497274799327,1
52,140430,MORTGAGE,18,DEBTCONSOLIDATION,25123,5.92,11,0.17890051983194474,0
20,91324,OWN,6,DEBTCONSOLIDATION,23387,17.21,7,0.25608821339406945,0
46,25408,OWN,27,PERSONAL,3890,19.11,5,0.15310138539042822,1
32,79379,RENT,4,EDUCATION,28769,14.73,22,0.36242583050932864,0
60,45053,RENT,4,PERSONAL,9026,19.32,2,0.20034181963465253,1
22,29446,OWN,29,DEBTCONSOLIDATION,4306,7.27,8,0.14623378387556885,0
58,20922,OTHER,31,HOMEIMPROVEMENT,34665,12.16,25,1.656868368224835,1
25,118723,OTHER,7,VENTURE,10277,14.03,10,0.08656283955088737,1
27,71356,MORTGAGE,9,PERSONAL,15683,13.73,9,0.21978530186669656,0
46,30789,OTHER,37,HOMEIMPROVEMENT,1670,11.02,6,0.05424015070317321,0
28,117720,RENT,31,VENTURE,24675,10.07,20,0.20960754332313966,0
56,86656,RENT,27,MEDICAL,18889,6.9,11,0.21797682791728212,0
52,64028,OTHER,16,PERSONAL,14006,10.88,12,0.21874804772911852,0
61,84484,RENT,30,PERSONAL,27531,7.44,26,0.32587235452866814,0
63,52154,OWN,7,MEDICAL,22639,16.02,16,0.43407984047244697,1
43,102870,OWN,39,MEDICAL,17633,8.13,7,0.17141051812967822,0
34,22336,OTHER,24,PERSONAL,4439,5.88,16,0.1987374641833811,0
51,123677,OWN,8,MEDICAL,33172,13.29,6,0.2682147852874827,0
51,87779,OWN,1,EDUCATION,12577,13.93,20,0.14328028343909135,0
43,39029,MORTGAGE,14,VENTURE,12763,18.08,23,0.32701324656025005,0
60,79201,MORTGAGE,2,VENTURE,21176,13.65,20,0.2673703614853348,0
68,52265,OWN,35,VENTURE,25255,10.18,11,0.4832105615612743,1
68,122916,OTHER,3,EDUCATION,20996,17.05,13,0.1708158417130398,0
31,132250,MORTGAGE,13,MEDICAL,22062,13.1,23,0.16682041587901703,0
58,136553,RENT,24,HOMEIMPROVEMENT,12705,6.19,5,0.0930407973460854,0
21,63872,RENT,9,MEDICAL,29047,13.49,19,0.4547689128256513,0
22,66197,RENT,20,PERSONAL,11966,18.62,17,0.1807634787074943,1
68,145733,OTHER,35,DEBTCONSOLIDATION,18374,10.94,9,0.12607988581858603,0
56,75180,OWN,11,VENTURE,12138,9.44,5,0.16145251396648044,0
68,43710,RENT,26,MEDICAL,16935,7.15,26,0.38743994509265617,0
36,49486,OTHER,39,HOMEIMPROVEMENT,1489,7.27,24,0.030089318191003515,0
68,91907,MORTGAGE,1,PERSONAL,23260,11.49,13,0.25308191976672073,1
21,148876,OWN,12,EDUCATION,27069,13.94,3,0.181822456272334,0
21,91895,MORTGAGE,31,EDUCATION,20275,6.21,5,0.22063224332118178,0
47,84435,OTHER,30,HOMEIMPROVEMENT,33821,19.09,6,0.4005566412032925,0
42,60631,RENT,15,PERSONAL,17999,16.33,4,0.2968613415579489,1
56,149038,RENT,31,VENTURE,34722,13.8,10,0.23297414082314577,1
51,121532,OTHER,31,MEDICAL,11625,17.43,22,0.09565381957015437,0
52,40103,RENT,33,PERSONAL,2629,6.2,19,0.06555619280353091,0
20,84772,OWN,10,EDUCATION,11973,12.15,12,0.14123767281649602,0
38,146108,OTHER,9,HOMEIMPROVEMENT,7859,14.45,4,0.053788978016261944,0
21,34382,MORTGAGE,14,HOMEIMPROVEMENT,22839,17.43,26,0.6642720027921587,1
63,104291,OTHER,16,MEDICAL,28216,16.75,24,0.2705506707194293,1
45,121195,OWN,39,HOMEIMPROVEMENT,19945,9.16,3,0.16456949544123106,0
51,23756,OWN,17,HOMEIMPROVEMENT,7539,19.11,10,0.3173514059605994,0
25,40609,OTHER,8,PERSONAL,34625,6.87,15,0.8526435026718215,1
51,134074,OTHER,24,VENTURE,5886,18.13,5,0.04390112922714322,0
23,36478,RENT,39,MEDICAL,8485,19.56,10,0.23260595427380887,0
30,120978,OWN,13,PERSONAL,32455,7.66,14,0.2682719172080874,0
36,59666,OTHER,24,VENTURE,17767,15.83,19,0.2977742768075621,0
57,95683,OTHER,21,PERSONAL,29453,5.6,16,0.30781852575692653,0
43,119097,OWN,29,DEBTCONSOLIDATION,11744,11.08,29,0.09860869711243776,0
24,144714,OTHER,19,PERSONAL,13226,12.74,11,0.09139406000801581,0
53,120420,RENT,20,HOMEIMPROVEMENT,28869,13.71,17,0.23973592426507226,0
25,91315,OWN,31,VENTURE,23588,19.04,13,0.25831462519848875,0
41,97834,RENT,20,MEDICAL,14440,15.08,21,0.1475969499356052,0
30,146205,RENT,34,MEDICAL,32709,12.22,6,0.22372011901097774,0
67,34153,RENT,31,VENTURE,23495,17.15,3,0.6879337100693936,1
35,129415,RENT,29,HOMEIMPROVEMENT,1922,19.26,11,0.014851446895645791,1
52,96325,OWN,38,EDUCATION,28526,5.33,2,0.2961432649883208,0
28,129701,RENT,11,PERSONAL,8957,19.74,8,0.06905883532123885,0
25,32999,RENT,17,HOMEIMPROVEMENT,34998,6.29,27,1.0605775932604018,1
35,75318,OTHER,20,DEBTCONSOLIDATION,25031,17.22,18,0.3323375554316365,0
48,20814,OWN,12,VENTURE,11006,9.21,17,0.5287787066397617,1
22,135033,OWN,20,PERSONAL,26939,6.98,28,0.19949938163263795,0
39,96077,MORTGAGE,7,MEDICAL,21324,11.6,28,0.22194698002643712,0
55,110474,OWN,39,EDUCATION,23867,14.66,25,0.21604178358708837,0
38,22443,OWN,6,DEBTCONSOLIDATION,1203,10.71,4,0.053602459564229384,0
45,95993,MORTGAGE,22,MEDICAL,17544,5.82,15,0.18276332649255675,0
22,95916,OWN,31,VENTURE,16899,13.99,11,0.17618541223570625,0
38,93319,OWN,10,PERSONAL,30063,18.54,23,0.3221530449319003,0
39,145885,OWN,21,VENTURE,26344,10.75,8,0.18058059430373238,0
51,129777,OWN,21,PERSONAL,4748,8.24,27,0.03658583570278247,0
26,37368,MORTGAGE,24,HOMEIMPROVEMENT,2093,11.64,18,0.05601049025904517,0
60,35328,OWN,21,EDUCATION,16228,5.73,7,0.45935235507246375,1
52,76942,OWN,27,HOMEIMPROVEMENT,21884,17.31,24,0.2844220321800837,1
59,111751,MORTGAGE,28,HOMEIMPROVEMENT,26183,17.4,23,0.2342976796628218,0
58,119131,OTHER,12,VENTURE,17034,13.82,5,0.1429854529887267,0
37,47306,RENT,17,EDUCATION,6710,10.3,18,0.1418424724136473,0
59,105451,OTHER,1,PERSONAL,20259,17.0,28,0.19211766602497843,1
20,59915,MORTGAGE,28,PERSONAL,34457,13.32,10,0.5750980555787365,0
30,57219,RENT,20,DEBTCONSOLIDATION,21143,17.39,5,0.36951012775476677,1
47,100879,MORTGAGE,14,MEDICAL,3103,14.47,8,0.030759622914580835,0
44,131939,MORTGAGE,26,DEBTCONSOLIDATION,1365,16.77,24,0.010345690053736954,0
69,84644,OWN,30,DEBTCONSOLIDATION,17103,13.98,3,0.2020580312839658,0
42,80279,RENT,14,PERSONAL,33510,11.21,18,0.4174192503643543,1
50,73028,OWN,22,VENTURE,25476,19.37,25,0.34885249493345016,1
49,124263,RENT,23,HOMEIMPROVEMENT,13742,13.12,9,0.11058802700723465,1
61,20126,MORTGAGE,12,HOMEIMPROVEMENT,13391,14.08,24,0.6653582430686674,1
54,72329,MORTGAGE,21,HOMEIMPROVEMENT,29901,8.31,16,0.41340264624147993,0
26,47632,OTHER,36,EDUCATION,33001,14.38,16,0.6928325495465233,1
35,127099,RENT,32,PERSONAL,16623,13.57,9,0.130787811076405,0
45,85310,OWN,2,VENTURE,3378,7.77,17,0.03959676474035869,0
67,129945,OTHER,18,EDUCATION,22372,5.89,20,0.1721651467928739,0
68,75176,OTHER,22,MEDICAL,31746,14.07,12,0.4222890284133234,0
21,139797,OTHER,28,VENTURE,28923,16.46,3,0.20689285177793515,0
20,106066,OWN,29,DEBTCONSOLIDATION,10867,12.85,24,0.10245507514189278,0
67,125500,OTHER,38,VENTURE,34724,8.4,25,0.2766852589641434,0
31,146413,OWN,24,VENTURE,10306,15.0,18,0.07038992439195974,0
24,64327,OTHER,36,HOMEIMPROVEMENT,15908,6.2,29,0.24729895689212927,0
56,88904,OWN,7,VENTURE,28081,11.63,27,0.3158575542157833,0
51,23797,MORTGAGE,15,DEBTCONSOLIDATION,24386,7.45,17,1.024751019036013,1
28,67882,MORTGAGE,7,DEBTCONSOLIDATION,29302,7.77,26,0.43166082319318816,0
60,33718,MORTGAGE,0,PERSONAL,20212,8.03,16,0.5994424343080847,1
54,54560,MORTGAGE,4,VENTURE,11698,10.8,14,0.21440615835777127,1
38,96589,MORTGAGE,2,HOMEIMPROVEMENT,5594,5.77,16,0.05791549762395304,0
67,42116,OTHER,0,VENTURE,26525,10.97,28,0.6298081489220249,1
35,56244,OTHER,3,MEDICAL,15282,12.68,5,0.2717089822914444,0
22,121721,OTHER,39,MEDICAL,15334,12.25,17,0.1259766186607077,0
39,21645,OWN,34,HOMEIMPROVEMENT,30179,10.74,13,1.3942711942711943,1
43,67523,OWN,31,PERSONAL,7644,17.59,5,0.11320587059224264,0
52,144085,OWN,33,PERSONAL,33933,7.18,4,0.23550681889162647,0
43,137718,OWN,24,DEBTCONSOLIDATION,34687,12.59,23,0.25186976284871987,0
30,39256,MORTGAGE,9,DEBTCONSOLIDATION,18375,5.93,18,0.46808131241084167,0
68,121376,MORTGAGE,20,EDUCATION,31926,6.07,23,0.2630338781966781,0
27,120158,MORTGAGE,38,HOMEIMPROVEMENT,18642,13.61,19,0.15514572479568567,0
55,73173,RENT,26,VENTURE,24993,13.49,26,0.34156041162723955,1
57,57430,OTHER,26,HOMEIMPROVEMENT,22188,18.17,19,0.38634859829357476,0
59,59282,OWN,1,EDUCATION,33596,13.37,24,0.5667150231098815,1
39,139719,OWN,12,DEBTCONSOLIDATION,28772,19.4,29,0.20592761184949793,0
54,83374,MORTGAGE,8,HOMEIMPROVEMENT,31857,5.73,18,0.3820975364022357,0
67,88244,OWN,35,HOMEIMPROVEMENT,11776,6.47,13,0.13344816644757718,0
44,31694,OWN,21,DEBTCONSOLIDATION,33835,5.66,24,1.067552218085442,1
54,76264,OTHER,25,EDUCATION,10788,7.78,22,0.14145599496485892,0
44,95060,MORTGAGE,11,DEBTCONSOLIDATION,6660,13.12,25,0.07006101409636019,0
48,117416,OTHER,16,PERSONAL,5478,14.68,5,0.0466546296927165,0
37,77545,RENT,13,VENTURE,9210,5.68,13,0.11876974659874912,0
65,138195,RENT,13,DEBTCONSOLIDATION,11922,19.19,27,0.08626940193205253,1
37,59224,RENT,33,EDUCATION,34340,17.63,24,0.579832500337701,1
21,122516,MORTGAGE,19,MEDICAL,19642,9.45,23,0.1603219171373535,0
54,117945,OWN,10,PERSONAL,12094,6.16,22,0.10253931917419136,0
35,33224,MORTGAGE,15,MEDICAL,23423,7.55,21,0.7050024078979051,1
60,60738,MORTGAGE,30,DEBTCONSOLIDATION,34418,6.9,16,0.5666633738351609,0
55,45150,OWN,5,PERSONAL,6741,6.85,24,0.14930232558139536,0
52,83731,OTHER,18,VENTURE,7838,12.78,29,0.09360929643740072,0
23,69688,RENT,36,DEBTCONSOLIDATION,4262,8.69,17,0.06115830559063253,0
52,119929,OTHER,3,VENTURE,5996,10.37,6,0.04999624777993646,0
33,128618,RENT,3,HOMEIMPROVEMENT,23164,19.84,22,0.1800992085089179,0
40,93509,MORTGAGE,19,MEDICAL,31257,15.26,16,0.3342672897795934,1
67,28577,RENT,9,PERSONAL,15211,19.23,18,0.5322812051649928,1
39,28070,MORTGAGE,23,VENTURE,31453,7.14,19,1.1205201282508015,1
27,146161,OTHER,34,EDUCATION,6232,10.73,6,0.04263791298636435,0
26,28666,MORTGAGE,25,VENTURE,3217,13.32,14,0.1122235400823275,0
22,77761,OTHER,36,EDUCATION,25229,6.15,20,0.32444284409922713,0
36,141178,OWN,37,DEBTCONSOLIDATION,15232,5.06,14,0.10789216450155123,0
52,56368,OWN,20,PERSONAL,26613,15.06,19,0.4721295770650014,1
67,26783,OWN,39,VENTURE,15026,14.63,15,0.5610275174551022,1
31,131530,MORTGAGE,38,VENTURE,29554,11.16,5,0.22469398616285258,0
41,61914,OWN,20,PERSONAL,31908,12.34,5,0.5153600155053785,0
41,90507,RENT,9,VENTURE,20610,11.23,21,0.22771719314528158,0
65,147738,OTHER,37,EDUCATION,8031,5.36,21,0.05435974495390489,0
49,99026,OTHER,3,VENTURE,26515,10.03,20,0.2677579625552885,0
57,135893,RENT,19,MEDICAL,1570,7.66,14,0.011553207302804413,0
57,131255,MORTGAGE,16,DEBTCONSOLIDATION,33254,6.48,13,0.2533541579368405,0
64,130616,MORTGAGE,6,HOMEIMPROVEMENT,20288,19.35,8,0.15532553439088626,0
27,87526,OTHER,3,EDUCATION,14288,13.99,26,0.1632429221031465,0
46,90835,OWN,28,MEDICAL,30877,15.93,13,0.3399240380910442,1
46,65765,MORTGAGE,13,DEBTCONSOLIDATION,19889,9.73,22,0.30242530221242303,1
53,39956,MORTGAGE,2,PERSONAL,1917,10.9,5,0.04797777555310842,0
40,107895,RENT,23,EDUCATION,11066,8.55,28,0.10256267667639835,0
49,66240,RENT,36,HOMEIMPROVEMENT,30504,6.45,3,0.4605072463768116,0
52,141008,OWN,15,DEBTCONSOLIDATION,7982,7.69,3,0.05660671734937025,0
47,57148,MORTGAGE,3,HOMEIMPROVEMENT,19062,16.96,6,0.33355498005179535,0
66,114270,MORTGAGE,23,PERSONAL,17999,15.16,24,0.1575129080248534,0
52,147978,RENT,33,PERSONAL,10941,13.2,11,0.07393666626120099,1
24,24757,MORTGAGE,29,EDUCATION,24470,12.13,11,0.9884073191420608,1
67,39097,OTHER,17,VENTURE,22133,18.84,10,0.5661048162263089,1
38,30395,RENT,18,PERSONAL,5529,6.09,14,0.18190491857213356,0
23,36241,OWN,30,DEBTCONSOLIDATION,18519,9.21,8,0.5109958334483045,0
54,123892,RENT,18,VENTURE,13192,10.25,6,0.1064798372776289,0
68,47696,MORTGAGE,18,MEDICAL,9566,16.74,27,0.2005618919825562,0
36,135654,OWN,21,HOMEIMPROVEMENT,8226,19.89,11,0.06063956831350347,0
63,90480,RENT,23,VENTURE,22259,8.61,11,0.2460101679929266,0
47,66163,OTHER,11,HOMEIMPROVEMENT,2141,18.11,7,0.03235947583997098,0
49,39816,OTHER,29,VENTURE,5627,17.46,28,0.1413250954390195,0
48,69840,RENT,37,MEDICAL,3690,8.37,29,0.05283505154639175,0
65,122547,OTHER,30,PERSONAL,4255,10.99,20,0.03472137220821399,0
25,72853,OTHER,35,MEDICAL,6213,11.15,22,0.08528131991819142,0
54,44917,OTHER,18,PERSONAL,20404,19.67,9,0.4542600797025625,0
60,116731,OWN,35,PERSONAL,26380,7.71,2,0.22598966855419725,0
56,41566,OTHER,29,HOMEIMPROVEMENT,26520,16.99,29,0.6380214598469903,1
43,95452,OTHER,32,DEBTCONSOLIDATION,20173,10.01,18,0.21134182625822404,0
48,82823,OTHER,17,MEDICAL,24989,15.96,8,0.3017157069896043,1
68,141392,OWN,27,VENTURE,25519,11.3,15,0.18048404435894536,0
65,40806,RENT,10,MEDICAL,23439,13.68,22,0.5744008234083223,0
50,95520,MORTGAGE,32,HOMEIMPROVEMENT,12413,17.49,22,0.12995184254606365,0
54,21759,OTHER,16,PERSONAL,15995,17.06,18,0.7350981203180293,1
52,146092,RENT,5,HOMEIMPROVEMENT,24559,18.0,10,0.16810639870766367,1
40,61949,OTHER,3,EDUCATION,24513,5.89,18,0.39569645999128317,0
51,112374,OWN,19,EDUCATION,6021,15.38,6,0.053580009610764055,0
42,22482,RENT,26,VENTURE,33464,7.1,27,1.4884796726269904,1
52,44442,OWN,14,HOMEIMPROVEMENT,22119,11.24,26,0.4977048737680572,1
22,53719,OTHER,5,VENTURE,30299,13.23,21,0.5640276252350193,0
37,78066,OTHER,13,VENTURE,26517,11.04,9,0.33967412189685653,0
44,113501,OWN,10,EDUCATION,14117,12.79,7,0.1243777587862662,0
61,22079,MORTGAGE,38,VENTURE,23250,19.95,12,1.0530368223198514,1
50,22717,OWN,8,EDUCATION,19950,7.03,20,0.8781969450191487,1
22,79676,OTHER,25,PERSONAL,18359,15.13,5,0.2304207038505949,1
59,47952,OWN,15,HOMEIMPROVEMENT,24596,10.94,19,0.5129295962629296,0
65,106444,MORTGAGE,4,VENTURE,26530,7.0,2,0.2492390364886701,0
43,62460,OWN,9,EDUCATION,2262,7.38,14,0.03621517771373679,0
69,110397,MORTGAGE,2,MEDICAL,23615,19.24,15,0.21390979827350382,1
51,92847,MORTGAGE,12,VENTURE,4327,18.19,25,0.04660355208030416,0
66,113607,OWN,29,DEBTCONSOLIDATION,30768,18.61,2,0.27082838205392273,1
41,109106,OWN,5,PERSONAL,29850,19.87,12,0.27358715377706083,0
42,38449,RENT,16,PERSONAL,17848,8.12,18,0.4641993289812479,0
21,53536,OTHER,18,MEDICAL,16160,10.33,5,0.30185295875672447,0
46,84077,MORTGAGE,34,EDUCATION,34998,15.04,27,0.41626128429891646,1
61,58258,RENT,25,VENTURE,28230,12.26,13,0.4845686429331594,1
21,68302,OWN,4,EDUCATION,10076,11.28,11,0.1475213024508799,0
45,145937,OTHER,28,PERSONAL,4805,10.37,7,0.032925166338899664,0
36,48865,RENT,36,EDUCATION,32085,13.91,26,0.6566049319553873,1
59,26645,MORTGAGE,19,PERSONAL,15715,13.63,2,0.5897917057609308,1
52,139771,RENT,20,EDUCATION,6750,7.42,8,0.04829327972183071,0
28,58000,MORTGAGE,9,MEDICAL,14232,12.08,27,0.24537931034482757,0
62,46737,OWN,4,HOMEIMPROVEMENT,7953,13.3,28,0.1701649656588998,0
67,31485,OTHER,35,MEDICAL,33093,13.55,22,1.0510719390185803,1
58,58565,OTHER,5,MEDICAL,26500,8.15,29,0.45248868778280543,0
48,45522,OTHER,25,HOMEIMPROVEMENT,23418,16.13,17,0.5144325820482404,1
61,139614,OWN,3,HOMEIMPROVEMENT,23449,5.38,25,0.16795593565115247,0
45,85155,MORTGAGE,38,VENTURE,18478,10.32,15,0.21699254300980564,0
54,75168,OWN,38,VENTURE,26338,16.7,24,0.3503884631758195,0
69,72487,OTHER,34,MEDICAL,27899,13.46,21,0.38488280657221297,0
44,149948,OWN,0,MEDICAL,5145,8.92,21,0.034311894790193934,0
43,32342,OWN,23,PERSONAL,33101,15.42,7,1.0234679364294106,1
32,60806,OWN,35,PERSONAL,3775,13.51,23,0.06208268920830181,0
26,68770,MORTGAGE,5,VENTURE,32647,16.94,26,0.474727352043042,0
55,98623,RENT,30,DEBTCONSOLIDATION,20539,16.03,29,0.20825770864808413,1
64,123177,RENT,19,DEBTCONSOLIDATION,27616,14.15,6,0.22419769924580077,0
39,119785,OWN,23,VENTURE,15119,12.32,25,0.1262178069040364,0
20,95629,RENT,24,PERSONAL,26159,7.0,22,0.27354672745715214,1
27,140993,RENT,35,PERSONAL,11295,8.92,19,0.08011036008879874,0
65,72603,OWN,20,DEBTCONSOLIDATION,25685,11.29,16,0.3537732600581243,0
35,146944,OWN,29,EDUCATION,26479,13.99,7,0.18019789851916376,0
33,132726,OTHER,23,EDUCATION,34629,12.71,26,0.26090592649518557,0
31,101974,RENT,29,PERSONAL,18033,9.32,20,0.17683919430443054,0
42,125947,MORTGAGE,21,EDUCATION,16408,5.1,2,0.13027702128673171,0
34,46399,OWN,27,HOMEIMPROVEMENT,18420,12.44,2,0.39699131446798425,0
47,148177,OTHER,6,VENTURE,17351,9.28,14,0.11709644546724525,0
53,105382,MORTGAGE,34,VENTURE,5131,16.02,4,0.048689529521170595,0
21,101244,RENT,27,PERSONAL,12349,5.36,11,0.12197266010825333,0
51,129575,OTHER,13,MEDICAL,13453,13.77,22,0.10382404013119814,0
42,135520,OWN,9,DEBTCONSOLIDATION,19814,19.12,4,0.14620720188902006,0
41,130904,MORTGAGE,15,PERSONAL,19263,7.62,10,0.1471536393081953,0
44,96534,OWN,15,EDUCATION,13158,12.07,9,0.1363043072906955,0
41,75106,RENT,30,DEBTCONSOLIDATION,16735,6.37,4,0.22281841663781854,0
41,132599,MORTGAGE,24,MEDICAL,16830,14.39,26,0.12692403411790437,0
68,50678,RENT,12,EDUCATION,24926,13.26,14,0.4918505071234066,1
61,96218,RENT,5,HOMEIMPROVEMENT,4373,11.11,7,0.0454488765095928,0
25,83230,OTHER,8,EDUCATION,11335,12.82,14,0.136188874204013,0
34,134684,OWN,35,HOMEIMPROVEMENT,24741,18.45,24,0.1836966529060616,0
62,94055,MORTGAGE,19,DEBTCONSOLIDATION,11692,7.94,21,0.12431024400616661,0
56,76373,RENT,17,HOMEIMPROVEMENT,2447,5.34,21,0.032040118890183704,0
52,51480,RENT,20,DEBTCONSOLIDATION,20583,17.92,13,0.3998251748251748,1
27,105230,MORTGAGE,3,DEBTCONSOLIDATION,23765,13.66,14,0.22583863917133898,0
63,88836,RENT,32,DEBTCONSOLIDATION,24906,18.36,3,0.2803593137917061,1
63,92258,OTHER,26,DEBTCONSOLIDATION,20567,13.95,22,0.22292917687355027,0
24,59986,OTHER,6,DEBTCONSOLIDATION,15139,17.15,25,0.2523755542960024,0
58,44160,OTHER,5,EDUCATION,20520,11.45,24,0.46467391304347827,0
23,105595,OTHER,14,DEBTCONSOLIDATION,20702,16.25,17,0.19605094938207301,0
25,121358,RENT,17,EDUCATION,26566,18.7,24,0.21890604657294946,1
64,99111,MORTGAGE,31,DEBTCONSOLIDATION,8657,13.58,7,0.08734651047815076,0
51,84929,MORTGAGE,10,HOMEIMPROVEMENT,31134,7.71,20,0.36658856221078784,0
49,93506,MORTGAGE,19,DEBTCONSOLIDATION,11345,9.03,22,0.12132911257031634,0
66,54911,MORTGAGE,23,MEDICAL,28413,7.98,14,0.5174373076432773,1
54,107127,OWN,14,DEBTCONSOLIDATION,6208,8.7,18,0.05794990992000149,0
59,51821,MORTGAGE,6,DEBTCONSOLIDATION,34455,9.6,24,0.6648848922251597,0
35,95039,OWN,20,HOMEIMPROVEMENT,29018,13.33,10,0.3053272866928314,0
32,80535,OWN,25,VENTURE,9080,13.82,18,0.1127460110510958,0
69,133453,OTHER,13,HOMEIMPROVEMENT,22902,11.4,3,0.17161097914621626,0
61,104458,OWN,36,MEDICAL,10486,14.23,20,0.10038484366922591,0
49,32175,RENT,20,VENTURE,22158,6.22,20,0.6886713286713286,1
38,139235,OWN,17,PERSONAL,21519,6.32,25,0.15455165727008296,0
36,74771,OTHER,4,PERSONAL,32379,7.58,8,0.4330422222519426,0
38,126660,OWN,2,MEDICAL,29378,12.77,23,0.23194378651507974,0
47,147157,RENT,22,HOMEIMPROVEMENT,15031,8.21,11,0.10214260959383516,0
45,141300,RENT,25,EDUCATION,15536,9.25,11,0.10995046001415427,0
56,106925,RENT,36,MEDICAL,1446,11.0,28,0.013523497778816928,0
45,133374,OTHER,23,VENTURE,18618,17.18,21,0.13959242431058527,1
42,86358,OTHER,18,VENTURE,7587,5.21,10,0.08785520739248245,0
28,37327,MORTGAGE,24,DEBTCONSOLIDATION,32480,14.74,18,0.8701476143274306,1
31,67057,OTHER,20,PERSONAL,33994,15.03,28,0.5069418554364198,1
20,26150,RENT,11,VENTURE,21527,16.98,16,0.8232122370936903,1
20,24425,RENT,32,MEDICAL,24569,18.99,3,1.0058955987717502,1
66,143654,OTHER,3,VENTURE,12151,5.3,5,0.0845851838445153,0
53,36032,OWN,6,MEDICAL,6558,7.31,20,0.18200488454706928,0
51,22198,OTHER,21,EDUCATION,33954,18.29,18,1.5295972610145059,1
67,80500,OTHER,32,DEBTCONSOLIDATION,28500,11.88,6,0.35403726708074534,0
44,73394,RENT,16,PERSONAL,3032,13.47,8,0.04131127885113225,0
59,40079,MORTGAGE,23,VENTURE,2252,14.95,19,0.056189026672322166,0
64,56220,RENT,33,MEDICAL,6509,15.19,22,0.11577730345072927,1
20,61874,MORTGAGE,27,HOMEIMPROVEMENT,14900,18.98,23,0.24081197271875102,1
35,33859,RENT,38,PERSONAL,15523,19.95,28,0.45846008446794057,1
58,70460,OTHER,21,EDUCATION,2881,15.8,8,0.04088844734601192,0
24,51419,RENT,16,MEDICAL,34037,9.31,18,0.6619537525039383,1
41,138865,RENT,33,DEBTCONSOLIDATION,2630,18.2,8,0.018939257552298996,1
48,28705,RENT,5,DEBTCONSOLIDATION,21789,5.74,5,0.7590663647448179,1
22,62880,OTHER,5,EDUCATION,23523,8.47,9,0.37409351145038167,0
31,149838,OTHER,33,EDUCATION,18958,18.46,14,0.1265233118434576,0
45,43236,OTHER,0,DEBTCONSOLIDATION,2695,8.84,5,0.06233231566287353,0
35,107955,OTHER,9,VENTURE,15821,8.31,7,0.14655180399240425,0
56,105514,MORTGAGE,20,VENTURE,4262,7.07,26,0.04039274409083155,0
41,123145,MORTGAGE,4,MEDICAL,2445,17.89,6,0.01985464290064558,1
48,35358,OWN,1,HOMEIMPROVEMENT,17436,12.5,13,0.493127439334804,1
33,119713,OTHER,21,MEDICAL,10949,15.12,5,0.09146040947933809,0
47,114914,MORTGAGE,1,HOMEIMPROVEMENT,24963,8.59,25,0.21723201698661607,0
24,122870,RENT,9,EDUCATION,30932,16.37,10,0.25174574753804835,0
66,96918,OTHER,33,PERSONAL,7901,16.4,5,0.08152252419571183,0
68,139179,OWN,15,MEDICAL,34487,9.69,20,0.24778881871546712,0
49,136243,OWN,38,MEDICAL,9597,11.16,25,0.07044031619973136,0
65,34596,OWN,21,HOMEIMPROVEMENT,7855,8.15,15,0.22704936986934907,0
24,53572,RENT,11,EDUCATION,19678,19.65,6,0.36731874860001495,1
31,98757,MORTGAGE,23,EDUCATION,9263,14.68,19,0.09379588282349606,0
35,21279,RENT,39,HOMEIMPROVEMENT,26805,19.02,11,1.2596926547300156,1
45,83197,OTHER,37,EDUCATION,27143,9.55,26,0.3262497445821364,0
45,131496,OWN,9,DEBTCONSOLIDATION,12874,16.73,20,0.09790411875646407,0
67,82516,RENT,34,VENTURE,28529,16.49,13,0.3457390081923506,1
40,27083,RENT,31,DEBTCONSOLIDATION,21866,15.37,19,0.8073699368607614,1
58,140674,MORTGAGE,6,PERSONAL,15079,19.48,18,0.1071910943031406,0
55,140307,MORTGAGE,20,MEDICAL,8243,10.9,25,0.05874974163797957,0
52,146457,OWN,19,PERSONAL,30872,6.96,12,0.210792246188301,0
49,129397,RENT,25,MEDICAL,10018,15.08,4,0.07742065117429307,0
56,37771,RENT,3,VENTURE,13100,15.94,24,0.34682693071403986,1
42,49975,MORTGAGE,21,EDUCATION,20800,13.63,18,0.416208104052026,0
29,65648,RENT,14,DEBTCONSOLIDATION,27910,8.1,2,0.42514623446258837,1
24,145641,RENT,39,HOMEIMPROVEMENT,30437,12.57,16,0.20898648045536627,0
55,68285,RENT,20,DEBTCONSOLIDATION,12001,9.68,29,0.17574870030021233,0
53,39063,MORTGAGE,14,VENTURE,20942,11.41,10,0.5361083378132759,1
50,87642,OWN,21,PERSONAL,21862,14.68,16,0.24944661235480706,1
29,110093,OTHER,27,HOMEIMPROVEMENT,12669,16.18,29,0.11507543622210313,0
38,134390,OWN,13,EDUCATION,16916,8.48,25,0.1258724607485676,0
51,106143,OTHER,26,VENTURE,11878,11.08,29,0.11190563673534759,0
20,57599,RENT,39,HOMEIMPROVEMENT,3985,9.04,4,0.06918522891022413,0
24,71920,OWN,27,VENTURE,33369,7.98,23,0.4639738598442714,0
64,48529,OTHER,25,VENTURE,9112,16.75,28,0.1877640173916627,0
23,55954,MORTGAGE,1,EDUCATION,19931,18.64,20,0.3562033098616721,1
35,47856,MORTGAGE,24,MEDICAL,28340,10.55,14,0.5921932464058843,1
43,22573,OWN,2,HOMEIMPROVEMENT,1336,16.27,13,0.059185752890621536,0
35,98344,OWN,7,EDUCATION,20363,18.45,21,0.20705889530627186,0
21,55367,RENT,32,VENTURE,4968,17.69,2,0.08972853866021276,1
68,122337,OWN,34,EDUCATION,34678,7.74,22,0.28346289348275666,0
47,126732,RENT,5,MEDICAL,17279,19.34,18,0.136342833696304,0
51,119608,RENT,38,DEBTCONSOLIDATION,4129,10.65,14,0.034521102267406865,0
46,80774,MORTGAGE,22,HOMEIMPROVEMENT,6850,10.09,2,0.08480451630475153,0
39,43752,MORTGAGE,24,MEDICAL,21588,5.94,11,0.4934174437739989,0
43,75029,OTHER,18,PERSONAL,12949,12.29,16,0.17258659984805874,0
31,37685,MORTGAGE,4,HOMEIMPROVEMENT,9519,6.64,28,0.2525938702401486,0
69,71693,MORTGAGE,10,MEDICAL,27375,8.73,28,0.38183644149359075,1
54,136739,OWN,11,VENTURE,34082,9.75,8,0.24924856844060583,0
52,75961,MORTGAGE,9,HOMEIMPROVEMENT,12737,17.13,29,0.16767815062992852,0
52,126937,OTHER,7,HOMEIMPROVEMENT,2134,18.13,23,0.01681148916391596,0
62,144956,OWN,23,EDUCATION,11938,9.54,19,0.08235602527663567,0
56,96908,OTHER,27,VENTURE,25486,17.88,17,0.26299170347133366,0
31,145537,MORTGAGE,35,PERSONAL,27096,17.86,15,0.18617945951888523,1
22,146678,OTHER,36,DEBTCONSOLIDATION,6592,16.47,28,0.04494198175595522,1
20,94532,OWN,20,MEDICAL,19108,7.2,29,0.20213261117928322,0
52,101994,RENT,7,EDUCATION,18270,15.35,19,0.17912818401082417,0
59,76133,OTHER,8,MEDICAL,28649,19.18,28,0.37630199781960516,0
29,117425,OTHER,14,PERSONAL,11997,15.24,8,0.10216734085586544,0
62,145055,OWN,39,PERSONAL,34489,9.97,18,0.23776498569508117,0
63,81268,OWN,17,HOMEIMPROVEMENT,10104,12.51,19,0.12432937933750061,0
48,112201,OTHER,19,PERSONAL,1870,14.69,13,0.016666518123724387,0
32,58243,MORTGAGE,5,MEDICAL,29684,12.66,9,0.5096578129560634,1
31,77384,OTHER,11,VENTURE,31957,6.8,23,0.41296650470381474,0
50,51653,OWN,1,VENTURE,34885,9.68,3,0.6753721952258339,1
65,46657,RENT,6,HOMEIMPROVEMENT,30866,17.04,8,0.6615513213451357,1
21,59952,RENT,15,DEBTCONSOLIDATION,31676,17.92,5,0.5283560181478516,1
69,42180,MORTGAGE,2,MEDICAL,14878,7.06,19,0.35272641062114746,0
54,117432,OTHER,2,MEDICAL,28559,19.29,29,0.24319606240207098,0
42,141829,RENT,26,PERSONAL,7771,9.93,7,0.05479133322522192,0
36,148377,OTHER,39,MEDICAL,17526,14.93,28,0.11811803716209386,0
45,98411,OWN,37,EDUCATION,30896,16.28,10,0.3139486439524037,1
27,21622,RENT,32,DEBTCONSOLIDATION,32923,17.18,28,1.5226621034131902,1
48,68756,MORTGAGE,27,PERSONAL,13852,19.19,10,0.2014660538716621,0
45,60809,OWN,0,EDUCATION,2848,9.69,15,0.046835172425134436,0
29,36725,MORTGAGE,7,HOMEIMPROVEMENT,32027,17.88,9,0.8720762423417291,1
45,81396,OWN,36,VENTURE,20456,6.98,20,0.25131456091208415,0
53,71226,RENT,31,HOMEIMPROVEMENT,10259,15.58,4,0.14403448179035747,0
60,126296,MORTGAGE,36,VENTURE,14409,16.13,19,0.11408912396275417,0
26,101182,MORTGAGE,3,HOMEIMPROVEMENT,4791,15.17,6,0.047350319226739934,0
23,102565,OWN,29,MEDICAL,26864,8.78,15,0.2619217081850534,0
69,49402,MORTGAGE,5,EDUCATION,18888,18.1,29,0.38233269908100886,1
64,24263,OWN,18,VENTURE,20692,7.53,5,0.8528211680336315,1
30,143489,OWN,31,PERSONAL,24501,5.8,8,0.1707517649436542,0
48,116523,OWN,8,EDUCATION,14304,15.76,21,0.12275688061584408,0
55,66828,OWN,11,PERSONAL,28527,12.13,26,0.42687196983300413,0
44,140824,RENT,10,EDUCATION,19074,17.74,29,0.1354456626711356,0
40,67924,OWN,15,EDUCATION,16549,10.75,13,0.2436399505329486,0
55,94182,OTHER,0,HOMEIMPROVEMENT,30963,7.52,3,0.32875708734153025,0
29,113065,MORTGAGE,20,VENTURE,26920,17.55,12,0.23809313226904877,0
56,79052,OTHER,29,VENTURE,31826,13.23,15,0.40259575975307393,1
28,31664,RENT,12,EDUCATION,17061,7.84,23,0.5388137948458818,1
43,55737,OTHER,33,MEDICAL,29810,15.81,24,0.5348332346556147,1
54,121332,MORTGAGE,3,MEDICAL,23800,12.67,17,0.19615600171430456,0
68,109563,OTHER,27,PERSONAL,10940,14.06,21,0.09985122714785101,0
54,49373,RENT,37,PERSONAL,4924,11.91,7,0.09973062199987848,0
67,137369,OWN,30,HOMEIMPROVEMENT,29054,17.43,24,0.21150332316607096,0
55,56397,OTHER,26,EDUCATION,10783,17.44,5,0.1911981133748249,0
37,148575,RENT,4,PERSONAL,14233,15.64,16,0.0957967356553929,0
68,106145,RENT,24,PERSONAL,25484,6.58,25,0.2400866738894908,0
58,121371,MORTGAGE,2,DEBTCONSOLIDATION,26068,17.58,26,0.21477947779947434,0
51,58709,MORTGAGE,32,EDUCATION,1191,15.07,2,0.02028649781123848,0
43,136074,OTHER,3,HOMEIMPROVEMENT,26074,15.46,8,0.1916163264106295,0
42,81120,OWN,24,PERSONAL,5917,10.44,26,0.0729413214990138,0
51,39250,RENT,19,HOMEIMPROVEMENT,26832,18.19,13,0.6836178343949044,1
56,41172,OTHER,33,VENTURE,21706,15.88,11,0.5272029534635189,0
31,31555,RENT,25,HOMEIMPROVEMENT,14682,6.69,6,0.4652828394866107,1
68,107410,RENT,4,MEDICAL,27762,11.12,13,0.25846755423144957,1
32,98617,OWN,34,MEDICAL,24383,18.3,19,0.24724946003224596,0
42,73276,OWN,27,HOMEIMPROVEMENT,28796,5.71,11,0.39297996615535785,0
44,77492,OTHER,28,MEDICAL,24666,19.42,7,0.31830382491095854,1
54,73002,OWN,8,VENTURE,26662,15.19,29,0.3652228706062848,1
60,140103,OWN,37,EDUCATION,11234,14.47,13,0.0801838647280929,0
49,144938,OTHER,5,MEDICAL,10221,9.06,8,0.07051980846982848,0
36,109599,OWN,18,MEDICAL,12410,8.73,19,0.1132309601364976,0
68,92355,MORTGAGE,10,HOMEIMPROVEMENT,15519,19.13,3,0.16803638135455579,0
39,111248,RENT,1,VENTURE,2051,9.47,11,0.018436286495038114,0
67,44762,RENT,8,EDUCATION,10765,16.63,16,0.2404941691613422,1
44,31046,RENT,20,HOMEIMPROVEMENT,12382,10.9,13,0.3988275462217355,0
41,116999,RENT,23,HOMEIMPROVEMENT,13580,7.09,27,0.11606936811425739,0
32,144130,OTHER,33,DEBTCONSOLIDATION,33323,5.16,18,0.23120099909803649,0
38,136021,RENT,21,VENTURE,12939,13.16,5,0.09512501746053918,0
68,48769,RENT,2,EDUCATION,30964,19.64,8,0.6349115216633517,1
55,73302,RENT,11,VENTURE,1307,10.54,10,0.017830345693159805,0
31,43150,RENT,27,EDUCATION,4359,10.36,20,0.1010196987253766,0
60,88247,MORTGAGE,29,VENTURE,30648,10.16,29,0.3472979251419312,0
38,24853,RENT,25,HOMEIMPROVEMENT,28323,12.81,28,1.1396209713113106,1
31,114613,MORTGAGE,20,HOMEIMPROVEMENT,7226,11.61,24,0.06304694929894515,0
28,140900,OTHER,27,PERSONAL,22689,18.2,8,0.1610290986515259,0
26,109399,OWN,25,MEDICAL,31971,12.58,24,0.29224215943472975,0
47,41792,RENT,32,DEBTCONSOLIDATION,26954,12.62,3,0.6449559724349158,1
33,79129,OWN,20,VENTURE,25423,7.08,7,0.3212854958359135,0
50,126019,OWN,34,DEBTCONSOLIDATION,31391,19.74,19,0.24909735833485427,0
38,94478,OTHER,33,PERSONAL,15330,8.75,7,0.16225999703634708,0
66,133811,OWN,17,MEDICAL,5891,6.1,14,0.04402478122127478,0
35,134130,MORTGAGE,10,VENTURE,5992,14.95,27,0.04467307835681801,0
24,87298,OWN,22,EDUCATION,2961,13.93,20,0.033918302824806984,0
54,51987,OWN,21,MEDICAL,13497,11.23,3,0.2596225979571816,0
31,35850,OWN,16,HOMEIMPROVEMENT,33551,11.33,13,0.9358716875871688,1
44,32112,RENT,4,PERSONAL,11848,16.78,16,0.3689586447433981,1
40,141789,RENT,10,MEDICAL,14255,7.94,15,0.10053671300312436,0
55,44058,MORTGAGE,29,MEDICAL,5567,17.3,7,0.12635616687094284,0
42,65420,MORTGAGE,14,HOMEIMPROVEMENT,21389,14.73,19,0.3269489452766738,0
35,58890,RENT,26,VENTURE,17567,11.28,6,0.29830191883172014,0
58,86017,MORTGAGE,34,EDUCATION,4358,11.87,19,0.05066440354813583,0
64,67304,RENT,32,HOMEIMPROVEMENT,23999,8.85,4,0.35657613217639367,0
61,52921,OTHER,19,EDUCATION,11988,16.28,4,0.22652633170197087,0
58,125921,OWN,15,VENTURE,32521,12.69,23,0.2582651027231359,0
33,21524,OWN,33,MEDICAL,6698,9.81,23,0.31118751161494146,0
50,120424,MORTGAGE,1,EDUCATION,2273,13.94,11,0.01887497508802232,0
24,35048,RENT,34,PERSONAL,28543,19.94,20,0.8143973978543712,1
54,55111,RENT,39,PERSONAL,32349,11.53,4,0.5869790060060605,1
42,57904,MORTGAGE,27,HOMEIMPROVEMENT,12241,18.81,13,0.211401630284609,1
48,74912,RENT,38,VENTURE,10497,10.18,17,0.14012441264416917,0
62,54008,OTHER,5,HOMEIMPROVEMENT,33703,5.82,18,0.6240371796770848,1
30,20060,OWN,8,HOMEIMPROVEMENT,32954,8.06,8,1.6427716849451646,1
37,94666,MORTGAGE,19,DEBTCONSOLIDATION,9002,11.28,14,0.09509221895928845,0
66,103559,MORTGAGE,0,HOMEIMPROVEMENT,5247,8.29,25,0.050666769667532516,1
31,75337,RENT,7,DEBTCONSOLIDATION,22698,5.0,3,0.30128622058218407,0
28,130616,MORTGAGE,22,PERSONAL,20738,18.73,5,0.15877074784099957,0
29,33350,OTHER,2,PERSONAL,11703,17.66,11,0.3509145427286357,0
63,44354,RENT,3,HOMEIMPROVEMENT,18570,16.13,8,0.4186770077106913,1
36,65186,RENT,24,PERSONAL,13392,7.52,25,0.20544288650937317,0
57,48145,RENT,37,VENTURE,33299,6.81,18,0.691639837989407,1
26,54020,RENT,14,DEBTCONSOLIDATION,16641,6.01,21,0.30805257312106626,0
65,106123,OTHER,20,DEBTCONSOLIDATION,14998,15.86,7,0.141326573881251,0
32,126667,RENT,34,HOMEIMPROVEMENT,7305,18.93,20,0.057670900866050354,1
59,95186,MORTGAGE,13,PERSONAL,33726,11.46,6,0.3543168112957788,0
61,105469,OTHER,35,EDUCATION,19782,6.79,11,0.18756222207473286,0
28,40581,OWN,11,DEBTCONSOLIDATION,13721,12.69,10,0.3381138956654592,0
69,108929,OWN,16,HOMEIMPROVEMENT,13427,10.23,28,0.12326377732284333,0
46,43051,MORTGAGE,38,HOMEIMPROVEMENT,21566,10.62,14,0.5009407446981488,0
21,71474,MORTGAGE,8,VENTURE,3230,14.32,20,0.04519125835968324,0
24,111748,OTHER,34,MEDICAL,7511,15.78,22,0.06721373089451266,0
48,145995,OWN,12,MEDICAL,27177,6.66,25,0.1861502106236515,0
56,134618,OWN,14,DEBTCONSOLIDATION,5765,5.53,7,0.04282488225943039,0
57,89626,OWN,17,VENTURE,21354,19.91,5,0.2382567558520965,0
38,26960,OWN,32,VENTURE,24929,8.49,25,0.9246661721068249,1
27,55772,OWN,5,VENTURE,29820,5.81,28,0.5346768988022663,0
67,41520,RENT,26,DEBTCONSOLIDATION,30523,7.85,4,0.7351396917148362,1
64,69481,MORTGAGE,22,MEDICAL,6552,5.58,4,0.09429916092169083,0
20,56408,RENT,26,VENTURE,1627,10.88,5,0.0288434264643313,0
41,114006,OWN,33,PERSONAL,12989,17.04,26,0.11393260003859446,0
36,148496,OTHER,37,HOMEIMPROVEMENT,14780,10.12,6,0.09953130050641094,0
26,77134,OTHER,13,HOMEIMPROVEMENT,7589,11.66,9,0.09838722223662717,0
44,40491,OWN,35,EDUCATION,29128,15.13,17,0.7193697364846509,1
64,21341,OWN,7,EDUCATION,28790,12.63,23,1.3490464364369055,1
23,64623,OTHER,34,DEBTCONSOLIDATION,1249,17.92,4,0.01932748402271637,0
55,110327,RENT,18,DEBTCONSOLIDATION,20309,17.99,25,0.1840800529335521,1
25,20338,RENT,29,HOMEIMPROVEMENT,26901,5.15,13,1.3226964303274658,1
50,91431,OWN,13,PERSONAL,24576,16.67,26,0.2687928601896512,0
38,32254,RENT,19,MEDICAL,32508,11.91,9,1.0078749922490233,1
63,71860,OTHER,24,MEDICAL,10175,19.83,14,0.14159476760367382,1
58,31344,RENT,39,DEBTCONSOLIDATION,26464,12.25,5,0.8443083205717202,1
46,21750,OWN,23,PERSONAL,17260,19.8,15,0.7935632183908046,1
29,74756,OTHER,13,DEBTCONSOLIDATION,30546,16.32,15,0.40860934239392155,0
45,87957,RENT,25,MEDICAL,2987,8.73,14,0.03395977579953841,0
38,125423,MORTGAGE,37,DEBTCONSOLIDATION,26105,13.08,28,0.2081356688964544,0
58,78053,OTHER,22,VENTURE,13948,19.88,7,0.1786990890804966,1
22,90855,OTHER,21,DEBTCONSOLIDATION,14026,17.86,18,0.15437785482362004,1
64,35896,MORTGAGE,18,HOMEIMPROVEMENT,3773,6.46,5,0.10510920436817472,0
32,75761,MORTGAGE,2,DEBTCONSOLIDATION,10878,15.6,9,0.14358311004342603,0
69,82552,OTHER,18,HOMEIMPROVEMENT,11377,10.18,18,0.13781616435701133,0
47,140075,MORTGAGE,8,PERSONAL,8347,5.1,4,0.05958950562198822,0
39,97454,OWN,27,MEDICAL,34776,11.05,18,0.35684528085045253,0
47,146522,OWN,19,EDUCATION,4783,8.52,10,0.03264356205893995,0
27,138681,OWN,6,EDUCATION,5298,17.28,3,0.03820278192398382,0
60,110600,OTHER,13,MEDICAL,5668,10.06,26,0.05124773960216998,0
58,142732,MORTGAGE,8,EDUCATION,21671,17.41,14,0.15183000308270045,0
20,132153,MORTGAGE,18,DEBTCONSOLIDATION,34078,5.01,21,0.2578677744735269,0
22,142926,RENT,13,PERSONAL,21922,9.62,3,0.15338007080587157,0
32,47935,RENT,37,PERSONAL,21316,8.62,21,0.44468551163033276,1
47,57641,MORTGAGE,35,MEDICAL,12460,8.5,29,0.21616557658611057,0
68,49711,MORTGAGE,39,EDUCATION,17968,6.02,12,0.36144917623865946,0
44,90342,MORTGAGE,16,DEBTCONSOLIDATION,31266,7.81,28,0.3460848774656306,0
52,126896,OTHER,29,PERSONAL,31209,13.33,27,0.24594155844155843,1
57,32182,MORTGAGE,8,PERSONAL,25000,9.37,23,0.7768317693120378,1
25,107833,RENT,32,VENTURE,15011,11.26,16,0.1392059944543878,0
63,76276,OTHER,24,VENTURE,3866,10.65,12,0.05068435680948136,0
64,39541,MORTGAGE,13,PERSONAL,6898,18.14,24,0.17445183480438026,0
51,114457,RENT,10,MEDICAL,19395,18.58,4,0.16945228339026883,1
64,102310,OTHER,34,HOMEIMPROVEMENT,5006,12.39,4,0.04892972338969798,0
66,64813,MORTGAGE,13,HOMEIMPROVEMENT,11956,9.95,29,0.1844691651366238,0
40,57198,MORTGAGE,29,DEBTCONSOLIDATION,31663,6.6,27,0.5535683065841464,1
35,28820,MORTGAGE,3,PERSONAL,7078,19.3,13,0.24559333795975016,0
40,44070,OTHER,3,PERSONAL,30631,5.9,25,0.6950533242568641,1
30,89768,RENT,27,PERSONAL,31140,9.46,6,0.3468942162017645,1
56,31122,RENT,7,MEDICAL,4961,9.47,21,0.1594049225628173,0
55,100559,OWN,1,VENTURE,30277,9.81,8,0.3010869240943128,0
54,93543,MORTGAGE,21,PERSONAL,32417,7.46,8,0.3465465080230482,0
38,103441,OWN,15,PERSONAL,23484,16.75,14,0.22702796763372357,0
39,61786,OWN,28,EDUCATION,19103,6.84,10,0.3091800731557311,0
37,114934,RENT,29,MEDICAL,30345,14.52,26,0.26402109036490506,0
66,119804,OTHER,11,DEBTCONSOLIDATION,2587,6.86,22,0.021593602884711696,0
60,26737,OTHER,34,PERSONAL,22031,6.06,14,0.8239892284100685,1
68,56062,RENT,10,EDUCATION,27212,18.64,13,0.4853911740572937,1
33,74237,OTHER,20,HOMEIMPROVEMENT,11350,7.85,14,0.15288872125759392,0
34,71571,OWN,20,DEBTCONSOLIDATION,19816,17.32,25,0.27687191739671096,0
50,45510,MORTGAGE,4,PERSONAL,21288,13.17,11,0.46776532630191164,0
20,39426,RENT,19,PERSONAL,30432,6.17,2,0.771876426723482,1
22,57265,MORTGAGE,36,EDUCATION,7837,19.33,26,0.1368549724962892,1
35,37850,OTHER,2,MEDICAL,21884,8.7,9,0.5781770145310436,1
42,138249,MORTGAGE,32,PERSONAL,6454,17.89,23,0.04668388198106315,0
30,86150,OTHER,8,HOMEIMPROVEMENT,10424,7.53,17,0.12099825885084156,0
31,107312,OTHER,8,PERSONAL,19412,17.81,14,0.18089309676457432,0
29,109613,OWN,3,HOMEIMPROVEMENT,21142,5.2,4,0.19287858192002774,0
51,94910,OTHER,34,DEBTCONSOLIDATION,9848,12.68,4,0.10376145822358024,0
35,72375,OWN,16,DEBTCONSOLIDATION,14136,16.54,25,0.19531606217616582,0
27,141826,OWN,33,VENTURE,1589,19.02,6,0.011203869530269485,0
57,55435,OWN,23,VENTURE,21908,18.64,27,0.39520158744475514,0
31,116443,RENT,31,HOMEIMPROVEMENT,7509,17.29,12,0.0644864869506969,0
43,77132,RENT,0,MEDICAL,10968,18.32,8,0.14219779080018669,1
47,98945,OTHER,7,PERSONAL,3462,7.99,22,0.03498913537824044,0
27,102050,OWN,22,PERSONAL,10460,9.26,25,0.10249877511024008,0
47,149828,RENT,39,VENTURE,34783,9.33,11,0.23215286862268736,0
55,115402,OWN,11,HOMEIMPROVEMENT,10275,10.66,11,0.08903658515450338,0
45,22983,MORTGAGE,11,PERSONAL,29677,10.9,21,1.2912587564721751,1
27,117241,MORTGAGE,14,PERSONAL,14269,13.17,3,0.12170657022713897,0
69,40662,MORTGAGE,18,MEDICAL,1406,7.4,4,0.03457773842900005,0
47,43510,OTHER,25,EDUCATION,8384,15.37,9,0.1926913353252126,0
47,98187,OWN,28,VENTURE,23553,7.51,12,0.23987900638577409,0
56,60998,MORTGAGE,21,VENTURE,25366,9.65,14,0.41584969999016363,0
60,76846,RENT,39,EDUCATION,18369,12.55,8,0.2390365145876168,0
55,114071,MORTGAGE,20,PERSONAL,12795,16.95,14,0.1121669837206652,0
46,26640,MORTGAGE,37,MEDICAL,5485,16.09,3,0.20589339339339338,0
36,64547,MORTGAGE,19,MEDICAL,3618,14.68,7,0.056052179032333026,0
28,74620,OTHER,28,VENTURE,31143,7.34,10,0.4173545966228893,0
52,35317,RENT,3,MEDICAL,30425,13.21,21,0.8614831384319166,1
39,135608,OWN,6,DEBTCONSOLIDATION,23673,6.31,26,0.17456934694118342,0
32,27564,RENT,27,EDUCATION,10603,10.66,3,0.3846684080684951,1
47,47345,OWN,27,PERSONAL,6368,11.2,19,0.13450205935156828,0
67,133824,OTHER,3,DEBTCONSOLIDATION,5621,5.6,17,0.04200292922046867,0
48,114223,OTHER,21,EDUCATION,15719,9.11,26,0.13761676720100155,0
32,143372,OTHER,11,HOMEIMPROVEMENT,30227,19.33,13,0.2108291716653182,0
65,99273,OTHER,2,VENTURE,8566,19.3,8,0.08628730873449982,0
54,94859,OWN,21,MEDICAL,13306,10.28,8,0.14027135010910932,1
25,100765,MORTGAGE,1,HOMEIMPROVEMENT,25042,5.65,18,0.2485188309432839,0
37,130017,OWN,23,MEDICAL,16086,7.69,14,0.12372228247075383,0
24,94038,RENT,33,DEBTCONSOLIDATION,18387,10.88,12,0.19552734001148472,0
66,143618,OTHER,26,PERSONAL,28042,19.22,7,0.19525407678703227,1
44,72393,OTHER,0,PERSONAL,24888,7.12,24,0.34379014545605235,1
21,86081,RENT,7,PERSONAL,27514,16.45,28,0.3196291864639119,1
29,145341,OWN,22,MEDICAL,19323,6.63,15,0.13294940863211344,0
49,122650,MORTGAGE,37,HOMEIMPROVEMENT,19019,19.72,7,0.15506726457399103,0
69,49430,MORTGAGE,5,PERSONAL,10890,10.72,7,0.22031155168925753,0
64,95532,RENT,21,HOMEIMPROVEMENT,11283,16.63,3,0.11810702173093833,1
24,47788,MORTGAGE,24,MEDICAL,19279,10.14,23,0.40342763873775844,0
52,115505,OWN,17,DEBTCONSOLIDATION,23908,14.42,21,0.2069867105320116,0
20,68543,OWN,16,HOMEIMPROVEMENT,10343,7.88,26,0.1508979764527377,0
37,33919,RENT,11,DEBTCONSOLIDATION,11637,7.19,16,0.343082048409446,0
51,89346,OWN,5,MEDICAL,30134,19.07,29,0.33727307322096123,0
66,116122,OTHER,25,MEDICAL,4907,18.76,18,0.04225728113535764,0
68,59974,RENT,26,VENTURE,34575,18.31,9,0.5764998165871877,1
30,127309,OWN,7,MEDICAL,5827,14.38,6,0.04577052682842533,0
40,36371,RENT,18,MEDICAL,31607,17.12,18,0.8690165241538589,1
45,65084,MORTGAGE,0,EDUCATION,14699,6.04,21,0.22584659824227152,0
44,49629,OWN,28,PERSONAL,26883,10.02,2,0.5416792601100163,1
41,71184,OTHER,34,VENTURE,6313,9.71,23,0.08868565969880872,0
46,81916,OWN,39,VENTURE,14598,14.53,19,0.17820694369842277,0
68,147293,RENT,13,VENTURE,29807,10.34,16,0.20236535341122797,1
32,93972,RENT,34,EDUCATION,5887,7.23,6,0.06264632018047929,0
52,82187,OWN,19,DEBTCONSOLIDATION,4854,13.95,8,0.05906043534865611,0
53,32984,OTHER,12,MEDICAL,15536,17.22,19,0.4710162503031773,1
60,53039,OTHER,37,PERSONAL,4558,10.73,7,0.0859367635136409,0
54,105431,OTHER,7,HOMEIMPROVEMENT,10772,6.98,23,0.10217108819986531,0
20,103691,RENT,19,DEBTCONSOLIDATION,34769,7.95,22,0.33531357591304933,0
40,78606,OWN,32,MEDICAL,20229,8.56,6,0.2573467674223342,0
67,30616,MORTGAGE,25,EDUCATION,10673,9.5,20,0.34860857068199635,0
25,122665,RENT,38,MEDICAL,28877,14.64,11,0.23541352464028042,0
47,125373,OTHER,20,MEDICAL,32601,14.01,16,0.2600320643200689,0
36,70072,OWN,8,EDUCATION,17244,15.44,11,0.24608973627126385,1
24,44574,OTHER,23,VENTURE,28356,10.44,28,0.6361556064073226,0
50,23430,MORTGAGE,36,VENTURE,17806,17.36,17,0.7599658557405037,1
24,139123,OTHER,16,PERSONAL,24099,8.06,13,0.17322081898751465,0
57,32676,OTHER,23,PERSONAL,20094,12.04,19,0.6149467499081895,1
22,30816,MORTGAGE,20,VENTURE,11589,17.01,24,0.3760708722741433,1
42,52733,OWN,38,DEBTCONSOLIDATION,2657,7.7,2,0.05038590635844727,0
56,105680,RENT,38,HOMEIMPROVEMENT,33764,6.65,17,0.3194928084784254,0
56,22050,OWN,12,MEDICAL,4164,18.26,23,0.18884353741496598,0
29,129996,MORTGAGE,10,HOMEIMPROVEMENT,28542,10.14,7,0.21956060186467277,0
29,53933,OTHER,18,MEDICAL,19437,15.26,4,0.3603915969814399,0
38,44951,OWN,10,VENTURE,20601,5.38,3,0.45829903672888256,0
36,52413,RENT,12,PERSONAL,29430,15.35,29,0.5615019174632248,1
40,54801,MORTGAGE,0,DEBTCONSOLIDATION,7009,9.74,3,0.12789912592835898,0
33,75619,OWN,39,PERSONAL,5552,5.84,14,0.07342070114653725,0
28,52913,RENT,18,HOMEIMPROVEMENT,10417,14.15,10,0.19687033432237824,0
65,132573,MORTGAGE,11,PERSONAL,3671,8.61,17,0.027690404531842835,0
20,139076,RENT,7,VENTURE,7519,10.8,28,0.054063965026316545,0
64,60600,MORTGAGE,7,DEBTCONSOLIDATION,13734,6.21,6,0.22663366336633664,0
32,77775,OTHER,11,HOMEIMPROVEMENT,4722,7.21,24,0.06071359691417551,0
23,110816,OWN,32,DEBTCONSOLIDATION,5906,9.47,29,0.05329555298873809,0
20,149972,RENT,25,MEDICAL,31096,6.35,22,0.20734537113594537,0
68,110093,MORTGAGE,38,PERSONAL,14699,18.66,8,0.13351439237735369,0
59,132590,RENT,27,DEBTCONSOLIDATION,22438,5.09,14,0.1692284486009503,0
51,55400,RENT,4,EDUCATION,34576,12.26,21,0.624115523465704,1
53,24494,OWN,7,PERSONAL,33247,6.85,25,1.3573528210990446,1
47,100688,OTHER,24,MEDICAL,28938,9.62,28,0.2874026696329255,0
50,142744,RENT,26,DEBTCONSOLIDATION,18600,18.89,27,0.13030320013450652,1
27,109431,MORTGAGE,22,HOMEIMPROVEMENT,21435,7.43,14,0.195876853907942,0
58,94691,MORTGAGE,29,MEDICAL,19581,19.49,28,0.2067883959404801,0
45,117419,OTHER,22,EDUCATION,15191,8.09,27,0.12937429206516832,0
53,128730,MORTGAGE,19,DEBTCONSOLIDATION,20190,16.12,8,0.1568398974597996,0
22,63001,OTHER,17,VENTURE,28386,13.2,11,0.45056427675751176,1
69,87364,MORTGAGE,17,PERSONAL,32721,18.27,16,0.37453642232498513,1
31,144988,OWN,1,HOMEIMPROVEMENT,14704,13.31,22,0.10141528954120341,0
20,65028,RENT,3,VENTURE,3123,13.02,28,0.048025465953127885,0
63,127434,OWN,29,DEBTCONSOLIDATION,26174,7.93,7,0.2053925953827079,0
24,117659,RENT,32,DEBTCONSOLIDATION,15586,7.49,6,0.13246755454321385,0
49,57573,RENT,35,MEDICAL,32976,18.75,24,0.5727684852274504,1
49,20806,RENT,17,DEBTCONSOLIDATION,26416,9.92,29,1.269633759492454,1
36,144343,OWN,36,HOMEIMPROVEMENT,2814,10.58,3,0.019495230111609155,0
67,76638,RENT,18,VENTURE,14001,16.4,22,0.18269004932279026,0
66,148301,OWN,27,HOMEIMPROVEMENT,17508,10.08,16,0.11805719448958538,0
42,146295,OTHER,39,EDUCATION,20630,19.28,27,0.14101643938617178,0
34,126506,MORTGAGE,19,EDUCATION,14380,16.07,17,0.11367049784199959,0
56,49757,MORTGAGE,32,PERSONAL,13317,13.96,20,0.26764073396708,0
40,54636,RENT,11,PERSONAL,32980,18.21,10,0.6036313053664251,1
33,100097,OWN,14,EDUCATION,24799,5.74,23,0.24774968280767656,0
21,68280,MORTGAGE,38,DEBTCONSOLIDATION,30166,8.86,27,0.4417984768599883,0
30,44262,OWN,1,HOMEIMPROVEMENT,20480,11.98,20,0.462699380958836,1
58,100435,OWN,28,EDUCATION,2609,8.4,8,0.02597700004978344,0
57,82211,RENT,9,PERSONAL,1717,16.16,5,0.020885282991327195,0
53,74842,MORTGAGE,1,EDUCATION,20945,18.79,4,0.2798562304588333,1
57,148583,RENT,10,DEBTCONSOLIDATION,26592,11.36,25,0.17897067632232488,0
69,76979,RENT,12,EDUCATION,29141,10.13,21,0.3785577884877694,0
53,134524,MORTGAGE,9,HOMEIMPROVEMENT,31009,19.42,12,0.230509054146472,1
37,101470,MORTGAGE,13,VENTURE,7782,11.67,2,0.07669261850793338,0
49,58197,OTHER,17,DEBTCONSOLIDATION,27536,12.34,7,0.47315153702080864,0
34,61844,OTHER,8,PERSONAL,34816,10.27,27,0.5629648793739085,1
46,84754,OWN,38,HOMEIMPROVEMENT,26933,18.64,12,0.31777851192864054,1
53,121868,MORTGAGE,27,EDUCATION,12618,13.53,28,0.10353825450487412,0
57,54157,OTHER,2,EDUCATION,9307,16.43,2,0.17185220747087174,0
52,97129,OWN,19,VENTURE,27671,17.18,22,0.28488916801367253,0
43,60042,OWN,5,PERSONAL,11338,10.13,8,0.18883448252889645,0
34,81665,OWN,26,PERSONAL,7548,11.51,7,0.09242637604849079,0
49,135512,OTHER,1,MEDICAL,22164,17.73,15,0.16355747092508413,0
61,136953,MORTGAGE,28,PERSONAL,28526,10.45,3,0.20829043540484693,0
36,102856,RENT,37,VENTURE,32222,16.91,28,0.31327292525472505,1
24,47376,OWN,2,MEDICAL,21176,19.11,5,0.44697737250928743,1
48,129049,OTHER,15,MEDICAL,3941,14.35,12,0.030538787592309897,0
23,75554,OTHER,29,EDUCATION,6695,16.12,16,0.08861211848479233,1
29,34199,RENT,39,EDUCATION,26553,17.08,19,0.7764262112927278,1
36,138533,RENT,1,PERSONAL,26359,17.68,28,0.19027235387958105,1
29,101412,OTHER,16,MEDICAL,25816,10.93,2,0.2545655346507317,0
36,70948,MORTGAGE,11,EDUCATION,9378,5.77,4,0.13218131589333032,0
39,93781,RENT,34,VENTURE,2881,11.03,4,0.0307205084185496,0
43,92750,OTHER,0,EDUCATION,14675,15.11,29,0.1582210242587601,0
24,86262,RENT,14,DEBTCONSOLIDATION,5586,11.76,8,0.06475620783195382,0
53,137424,MORTGAGE,25,DEBTCONSOLIDATION,26006,16.23,2,0.18923914308999884,0
25,66600,OWN,36,EDUCATION,23831,10.35,26,0.35782282282282285,0
21,96898,RENT,20,MEDICAL,17459,14.52,12,0.18017915746455035,0
32,82483,MORTGAGE,30,MEDICAL,33443,7.8,7,0.4054532449110726,0
62,38297,OTHER,24,HOMEIMPROVEMENT,31595,16.24,21,0.824999347207353,1
62,50448,RENT,22,DEBTCONSOLIDATION,6877,13.19,4,0.1363185854741516,1
67,46172,RENT,23,VENTURE,5922,8.06,20,0.12825955124317767,0
30,62874,OTHER,37,MEDICAL,5686,9.38,3,0.09043483792982791,0
66,27657,OWN,27,PERSONAL,33766,16.23,19,1.220884405394656,1
42,104386,OTHER,20,DEBTCONSOLIDATION,15407,12.24,13,0.14759642097599296,0
35,145617,RENT,17,VENTURE,33006,8.24,11,0.22666309565504028,1
50,45425,OTHER,35,VENTURE,32422,19.51,6,0.7137479361585031,1
30,46685,MORTGAGE,34,MEDICAL,13205,15.73,10,0.28285316482810324,0
35,142000,OTHER,8,VENTURE,22054,19.36,3,0.15530985915492956,0
27,132855,RENT,37,MEDICAL,24527,11.41,3,0.18461480561514432,0
23,44578,OTHER,29,EDUCATION,19443,12.13,29,0.4361568486697474,0
59,48831,OWN,33,DEBTCONSOLIDATION,17524,18.47,7,0.3588703897114538,1
23,27906,OTHER,31,HOMEIMPROVEMENT,29202,12.88,11,1.046441625456891,1
44,81413,OWN,2,EDUCATION,1016,15.61,19,0.012479579428346824,0
22,74028,MORTGAGE,2,DEBTCONSOLIDATION,17848,8.78,13,0.2410979629329443,0
51,27287,OWN,27,MEDICAL,21855,11.7,5,0.8009308461904936,1
22,53660,OTHER,14,DEBTCONSOLIDATION,19211,6.85,23,0.35801341781587775,0
46,95758,RENT,22,MEDICAL,26095,8.09,22,0.2725098686271643,0
48,80504,OWN,39,EDUCATION,3843,5.01,18,0.04773675842194176,0
51,79720,MORTGAGE,10,PERSONAL,30301,5.59,16,0.3800928248871049,0
69,122979,OWN,31,PERSONAL,27460,19.66,7,0.22329015522975468,0
38,54701,OWN,35,DEBTCONSOLIDATION,32918,8.64,17,0.6017805890203104,1
40,103300,OWN,32,PERSONAL,29747,14.95,18,0.28796708615682476,0
24,130177,MORTGAGE,23,MEDICAL,16972,17.59,4,0.13037633376095623,0
37,37674,OTHER,38,VENTURE,29310,13.26,11,0.7779901258162127,1
47,103560,OWN,33,MEDICAL,23927,7.3,6,0.23104480494399382,0
61,131543,OWN,27,VENTURE,2094,15.92,15,0.01591874900222741,0
41,43874,RENT,36,EDUCATION,24324,14.0,27,0.5544057984227561,1
40,63642,MORTGAGE,6,HOMEIMPROVEMENT,21674,15.97,22,0.34056126457370917,0
25,143867,OWN,3,VENTURE,4982,16.55,14,0.03462920614178373,0
20,117820,MORTGAGE,36,PERSONAL,16790,19.63,27,0.14250551689017144,0
24,85160,OWN,0,MEDICAL,13205,13.6,7,0.15506106153123533,0
60,37602,OTHER,0,EDUCATION,25338,10.12,13,0.6738471357906495,1
31,123320,OTHER,19,PERSONAL,13748,14.73,27,0.11148232241323386,0
45,108801,OWN,18,EDUCATION,22097,6.03,9,0.20309555978345786,0
65,45931,OTHER,28,HOMEIMPROVEMENT,4092,18.46,6,0.08909015697459233,0
53,114377,OWN,9,MEDICAL,23692,6.79,16,0.20713954728660483,0
68,49192,OTHER,17,DEBTCONSOLIDATION,24862,9.92,28,0.5054073833143601,0
33,66542,RENT,27,MEDICAL,25860,17.24,17,0.3886267319888191,0
45,147015,RENT,34,HOMEIMPROVEMENT,14971,13.96,2,0.10183314627759073,0
64,62520,RENT,30,MEDICAL,15616,10.9,17,0.24977607165706975,0
46,84772,MORTGAGE,26,DEBTCONSOLIDATION,5933,12.1,6,0.06998773179823527,0
28,78762,MORTGAGE,10,VENTURE,5926,17.82,4,0.07523932861024352,0
45,70106,RENT,37,EDUCATION,26763,10.1,21,0.3817504921119448,0
66,101121,MORTGAGE,4,DEBTCONSOLIDATION,4969,18.04,16,0.04913915012707548,0
41,45559,OTHER,7,PERSONAL,5319,6.32,14,0.11674970916833118,0
66,125595,OWN,33,HOMEIMPROVEMENT,21323,16.65,25,0.16977586687368126,0
49,53742,OWN,11,VENTURE,17428,17.71,17,0.3242901269026088,1
62,89669,OWN,37,PERSONAL,21950,7.73,24,0.24478916905508036,0
67,100199,RENT,0,PERSONAL,19293,11.46,12,0.19254683180470863,0
36,41754,MORTGAGE,30,HOMEIMPROVEMENT,7364,7.48,22,0.1763663361594099,0
45,23972,OTHER,3,VENTURE,1691,15.6,3,0.0705406307358585,0
55,90831,OTHER,4,PERSONAL,31062,13.03,23,0.3419757571754137,0
20,132217,RENT,29,PERSONAL,1931,14.53,28,0.014604778508058722,0
27,61873,OTHER,23,VENTURE,32730,7.95,7,0.5289867955327849,1
68,114661,OTHER,2,MEDICAL,15226,8.18,27,0.13279144608890556,0
54,126532,OTHER,10,PERSONAL,14861,5.62,27,0.11744855056428413,0
34,146267,OTHER,3,EDUCATION,32301,9.83,28,0.22083586865116533,0
66,29903,MORTGAGE,25,VENTURE,23766,13.4,7,0.7947697555429221,1
41,23020,OTHER,26,PERSONAL,18695,17.87,15,0.8121198957428323,1
33,61755,OWN,26,HOMEIMPROVEMENT,4121,15.0,26,0.0667314387498988,0
45,105956,RENT,5,DEBTCONSOLIDATION,19257,11.53,12,0.18174525274642303,0
47,106988,MORTGAGE,14,EDUCATION,29164,19.3,9,0.27259131865255914,1
42,65648,OTHER,29,DEBTCONSOLIDATION,26491,15.79,9,0.40353095296124786,1
33,123537,MORTGAGE,36,DEBTCONSOLIDATION,24165,18.95,2,0.19560941256465675,0
43,145991,OTHER,36,PERSONAL,4748,12.91,22,0.03252255276010165,0
21,29516,OWN,36,EDUCATION,34045,8.88,8,1.1534422008402223,1
64,132863,RENT,34,EDUCATION,27553,5.79,7,0.20737902952665527,0
45,135005,OTHER,22,MEDICAL,31497,15.89,22,0.23330247027887857,0
33,22396,OTHER,5,DEBTCONSOLIDATION,32308,6.82,9,1.4425790319699947,1
26,104082,OTHER,3,EDUCATION,11374,9.54,20,0.10927922215176496,0
22,39129,OTHER,17,MEDICAL,5675,12.99,23,0.14503309565795192,0
66,148322,RENT,8,VENTURE,2170,13.47,22,0.01463033130621216,0
42,21591,RENT,28,MEDICAL,13450,14.01,25,0.6229447454958085,1
65,31303,OWN,12,HOMEIMPROVEMENT,11680,7.49,21,0.37312717630897996,0
62,50561,RENT,16,PERSONAL,11068,10.7,9,0.2189038982615059,1
66,91719,OTHER,31,VENTURE,27206,14.26,27,0.2966233822872033,0
64,138618,OWN,21,VENTURE,1287,19.55,15,0.00928450850538891,0
37,112108,OWN,3,HOMEIMPROVEMENT,23337,15.91,19,0.2081653405644557,0
57,148748,OWN,4,MEDICAL,21666,18.84,26,0.14565573990910802,0
54,119616,OTHER,36,PERSONAL,2161,16.43,17,0.018066144997324774,0
34,144165,MORTGAGE,12,MEDICAL,25535,13.88,10,0.17712343495300523,0
44,106231,OTHER,33,EDUCATION,33528,7.88,16,0.31561408628366483,0
56,27314,RENT,21,MEDICAL,17527,15.0,27,0.6416855824851725,1
47,137071,RENT,22,VENTURE,24853,14.35,11,0.18131479306344886,0
29,39623,OTHER,2,PERSONAL,15758,14.04,23,0.3976983065391313,0
58,87675,OTHER,33,MEDICAL,1244,12.35,17,0.014188765326489878,0
36,132992,OWN,31,PERSONAL,4178,12.93,5,0.03141542348411935,0
58,116826,OTHER,20,PERSONAL,32831,10.02,21,0.28102477188297126,0
41,85082,OWN,20,EDUCATION,3176,12.79,14,0.037328694671023246,0
45,149839,RENT,10,EDUCATION,34654,7.96,23,0.23127490172785456,0
63,103624,OWN,38,VENTURE,27627,17.08,6,0.26660812167065545,0
44,125228,OTHER,3,HOMEIMPROVEMENT,25881,7.79,23,0.20667103203756348,0
36,53130,RENT,0,PERSONAL,12984,6.27,8,0.24438170525127048,1
32,71756,MORTGAGE,27,HOMEIMPROVEMENT,24776,11.54,24,0.34528123083783935,0
39,117624,OWN,23,VENTURE,18755,14.87,10,0.15944875195538324,0
44,46292,RENT,34,PERSONAL,8135,11.57,9,0.1757323079581785,0
23,131785,OWN,12,PERSONAL,1320,9.15,17,0.010016314451568843,0
29,147331,RENT,33,DEBTCONSOLIDATION,29635,13.37,7,0.20114571950234506,0
22,106206,RENT,10,HOMEIMPROVEMENT,22684,10.21,29,0.21358491987270023,0
60,89274,OWN,35,MEDICAL,24238,18.99,17,0.27150122096018997,0
64,22469,MORTGAGE,16,EDUCATION,22889,18.84,7,1.0186924206684767,1
37,73947,RENT,34,MEDICAL,31313,12.54,15,0.423451931788984,0
66,42534,RENT,17,HOMEIMPROVEMENT,33535,9.92,22,0.7884280810645601,1
55,83620,RENT,39,EDUCATION,11770,16.06,2,0.14075580004783544,0
66,68874,MORTGAGE,21,MEDICAL,21426,5.55,26,0.31108981618607895,0
41,69708,MORTGAGE,23,DEBTCONSOLIDATION,8498,12.12,10,0.12190853273655822,0
53,94553,OTHER,18,EDUCATION,17395,10.04,26,0.18397089463052468,0
66,88344,OWN,36,PERSONAL,3537,18.81,28,0.040036674816625914,0
27,69138,MORTGAGE,38,MEDICAL,20226,5.18,25,0.29254534409441985,0
59,74302,OWN,20,EDUCATION,16216,13.29,14,0.21824446179106888,0
68,67638,OTHER,7,DEBTCONSOLIDATION,19613,16.11,27,0.2899701351311393,0
63,98249,OWN,27,EDUCATION,4009,12.28,20,0.04080448655965964,0
38,125865,MORTGAGE,4,EDUCATION,25368,6.28,18,0.2015492789893934,0
61,22719,OWN,16,DEBTCONSOLIDATION,30327,19.59,12,1.3348738940974514,1
60,42890,MORTGAGE,36,MEDICAL,15209,12.77,29,0.35460480298437863,0
56,97236,OWN,35,VENTURE,16029,14.21,29,0.1648463532025176,0
25,56509,MORTGAGE,18,MEDICAL,3077,8.55,9,0.054451503300359236,0
45,62534,MORTGAGE,26,HOMEIMPROVEMENT,14907,12.25,24,0.23838232001791027,0
53,122302,OWN,33,DEBTCONSOLIDATION,5873,11.44,6,0.04802047390884859,0
64,112241,OTHER,10,MEDICAL,9635,6.12,11,0.08584207197013569,0
25,38787,RENT,11,EDUCATION,34065,6.59,8,0.8782581792868744,1
56,146209,OTHER,20,DEBTCONSOLIDATION,34783,17.56,11,0.23789917173361422,0
